sentence1,sentence2,label,idx,label_ok,CosCls,EucCls,IcmCls,CosAvg,EucAvg,IcmAvg,CosSum,EucSum,IcmSum,CosF_ind,EucF_ind,IcmF_ind,CosF_joint,EucF_joint,IcmF_joint,CosF_inf,EucF_inf,IcmF_inf,model
A plane is taking off.,An air plane is taking off.,5.0,0,1.0,0.018973946571350098,0.30201793755640205,0.022559302797962755,0.8869305849075317,0.6625840582012403,0.1728702072678699,0.8869305849075317,0.5036577668339713,0.22882663575988665,0.9069391489028931,0.5444386833507951,0.3276142420927208,0.9170339107513428,0.6039172597758471,0.4446532670180338,0.9151391983032227,0.5873303206254572,0.40091206134143204,word2vec-google-news-300
A man is playing a large flute.,A man is playing a flute.,3.799999952316284,1,0.7333333227369521,1.0,1.0,0.3212026086663813,0.9455053806304932,0.7462398678904598,0.36401994600680726,0.9455053806304932,0.7332259763281744,0.27216935245524676,0.9398365616798401,0.6798562007202658,0.3586775372835534,0.9369052052497864,0.6780854877777582,0.46657527705345053,0.937034547328949,0.6790189348190396,0.39654187025980153,word2vec-google-news-300
A man is spreading shreded cheese on a pizza.,A man is spreading shredded cheese on an uncooked pizza.,3.799999952316284,2,0.7333333227369521,1.0,1.0,0.3212026086663813,0.8918043375015259,0.6691510491916628,0.2107428454458164,0.8918043375015259,0.10984747289078933,0.7404647216070465,0.8874256610870361,0.25176076730247343,0.7630409490188399,0.8860118389129639,0.39101511099423925,0.8021881184874229,0.8862975835800171,0.3149244364839271,0.8151482604560509,word2vec-google-news-300
Three men are playing chess.,Two men are playing chess.,2.5999999046325684,3,0.4666666454739041,0.9999999403953552,1.0,0.4880961672434772,0.9951107501983643,1.0,0.4209103691714227,0.9951106309890747,1.0,0.412931835109943,0.9964120388031006,1.0,0.4707749811704259,0.9970594644546509,1.0,0.5487612833723319,0.9969164729118347,1.0,0.4846799566969449,word2vec-google-news-300
A man is playing the cello.,A man seated is playing the cello.,4.25,4,0.8333333333333333,0.008120682090520859,0.20445407917347636,0.018805799280502175,0.9246477484703064,0.7479816473986012,0.2137641872777684,0.9246476888656616,0.5808041840726309,0.3534299054241929,0.9404506087303162,0.6348598385560136,0.4285742285522037,0.9491689205169678,0.6967162654545761,0.5253259197227249,0.9455041885375977,0.6636614338084378,0.4823373103345598,word2vec-google-news-300
Some men are fighting.,Two men are fighting.,4.25,5,0.8333333333333333,0.9999999403953552,1.0,0.4880961672434772,0.9386787414550781,0.7550044957413728,0.3270182255534834,0.9386787414550781,0.7756473462086694,0.174425666675944,0.9481468796730042,0.7830106810516259,0.18793276980398227,0.9535305500030518,0.8075396841783429,0.20170796502337013,0.9523564577102661,0.8031567099824293,0.18634573757850476,word2vec-google-news-300
A man is smoking.,A man is skating.,0.5,6,0.0,1.0,1.0,0.3212026086663813,0.538836658000946,0.0,0.16935840699554722,0.538836658000946,0.2858153226269635,0.0,0.5131120085716248,0.10149795738659462,0.0013704126245058512,0.49909836053848267,0.06509018469482375,0.006734843538430346,0.5017616152763367,0.08134399392902003,0.005409740404939023,word2vec-google-news-300
The man is playing the piano.,The man is playing the guitar.,1.600000023841858,7,0.24444444974263507,1.0,1.0,0.476706249717425,0.9365093111991882,0.8134830693295052,0.09249213707976045,0.9365093111991882,0.6885407152666891,0.33238095687762,0.9097098708152771,0.6019592485862162,0.3284844844226333,0.890838623046875,0.5868333918885668,0.3444128322913394,0.8992114663124084,0.5943756379370162,0.33773387335371036,word2vec-google-news-300
A man is playing on a guitar and singing.,A woman is playing an acoustic guitar and singing.,2.200000047683716,8,0.37777778837415904,1.0,1.0,0.3212026086663813,0.9034126400947571,0.6608848897353168,0.31337509911803013,0.9034125804901123,0.32836432771227875,0.6631268662354031,0.9136620759963989,0.4461508375088966,0.6441271536286453,0.9211265444755554,0.577756036818826,0.612377899722389,0.9183051586151123,0.5141643397001616,0.6466308695043879,word2vec-google-news-300
A person is throwing a cat on to the ceiling.,A person throws a cat on the ceiling.,5.0,9,1.0,0.12662886083126068,0.22442833182355715,0.07950546652678449,0.9305465817451477,0.7848785148342242,0.12107500203367766,0.9305465221405029,0.6024165432333211,0.44313034854948863,0.9432475566864014,0.6407050159946238,0.552888534319572,0.9499465227127075,0.687198851425469,0.6883361757192044,0.9475796222686768,0.6648830975788853,0.6490453211192599,word2vec-google-news-300
The man hit the other man with a stick.,The man spanked the other man with a stick.,4.199999809265137,10,0.8222221798366971,1.0,1.0,0.476706249717425,0.9112175107002258,0.7761061047270976,0.03153473863630313,0.9112175107002258,0.4653985117266174,0.590348075681851,0.9394055604934692,0.6481014086765092,0.4487488849462154,0.9561622142791748,0.7708340869532277,0.34731651327513074,0.9480310678482056,0.7026299944188867,0.43223805640235263,word2vec-google-news-300
A woman picks up and holds a baby kangaroo.,A woman picks up and holds a baby kangaroo in her arms.,4.599999904632568,11,0.9111110899183483,1.0000001192092896,1.0,0.7684825499831859,0.9339174032211304,0.7357157909824616,0.26001149122933725,0.9339175224304199,0.33330551874413294,0.8129335497603134,0.8966296911239624,0.31269496608253344,0.8558652472709887,0.8649728298187256,0.3212776724407578,0.9155198674648664,0.883084774017334,0.3083418833369399,0.9533428542610303,word2vec-google-news-300
A man is playing a flute.,A man is playing a bamboo flute.,3.867000102996826,12,0.7482222451104057,1.0,1.0,0.3212026086663813,0.8953325748443604,0.6134396205252797,0.4109515254863531,0.8953325748443604,0.5142344027809495,0.2977364875610813,0.8854315876960754,0.4638744250060164,0.3809505419819567,0.8802223801612854,0.48652764382384894,0.4782849384207864,0.8810031414031982,0.4801444759158213,0.41447287595855803,word2vec-google-news-300
A person is folding a piece of paper.,Someone is folding a piece of paper.,4.666999816894531,13,0.9259999593098958,1.0,1.0,0.3212026086663813,0.9627740979194641,0.8366767018789663,0.3222681151266848,0.9627741575241089,0.7915505972036905,0.3457595785174023,0.9700721502304077,0.8177798760502487,0.362188653853836,0.9739328026771545,0.8501355194394291,0.3727415011377346,0.9730491042137146,0.837018839139715,0.37975296076056125,word2vec-google-news-300
A man is running on the road.,A panda dog is running on the road.,1.6670000553131104,14,0.2593333456251356,0.06928110867738724,0.23223539036847907,0.04845109299184303,0.7473493218421936,0.5126606358150105,0.002564619633846743,0.7473492622375488,0.09694969554422761,0.3075513699310959,0.8043580055236816,0.21821899769868414,0.341392449185065,0.838131844997406,0.364918637406779,0.36663514477717446,0.824293851852417,0.2858419349762523,0.3867078604424527,word2vec-google-news-300
A dog is trying to get bacon off his back.,A dog is trying to eat the bacon on its back.,3.75,15,0.7222222222222221,1.0,1.0,0.3212026086663813,0.8944336771965027,0.7221539124878484,0.07404311662818513,0.8944336771965027,0.3215854849919051,0.7644982386316195,0.8836948871612549,0.36903397304050845,0.6687322931618311,0.878126323223114,0.4673770267144557,0.5920416683763208,0.8798040151596069,0.40018920833886873,0.7070453406413129,word2vec-google-news-300
The polar bear is sliding on the snow.,A polar bear is sliding across the snow.,5.0,16,1.0,0.15844905376434326,0.08110265069214107,0.14849955563534575,0.9634820222854614,0.8321670545072415,0.2463853754625191,0.9634820222854614,0.6556475663517171,0.8272913030282547,0.9625439643859863,0.6756100256611856,0.8102340199016702,0.9630095958709717,0.7202075129200044,0.8329369689803128,0.9619045257568359,0.6887210650967647,0.8745990826654604,word2vec-google-news-300
A woman is writing.,A woman is swimming.,0.5,17,0.0,1.0,1.0,0.3212026086663813,0.6870111227035522,0.2093148801437923,0.275463260376888,0.687011182308197,0.4461043413565885,0.026011453201807228,0.6706973910331726,0.3165110035814619,0.04133212976871575,0.6618518233299255,0.2969800861001438,0.06329442114878286,0.6644801497459412,0.31095414447359737,0.052424734351419644,word2vec-google-news-300
A cat is rubbing against baby's face.,A cat is rubbing against a baby.,3.799999952316284,18,0.7333333227369521,1.0,1.0,0.3212026086663813,0.9619812965393066,0.8162481730037232,0.39463468306178345,0.9619811773300171,0.692796293138444,0.5012304894324524,0.948009192943573,0.6437845129224803,0.5817844664256382,0.9378907680511475,0.6400175384899489,0.6753405561970391,0.9420484304428101,0.6344483138207009,0.6523633969583968,word2vec-google-news-300
The man is riding a horse.,A man is riding on a horse.,5.0,19,1.0,0.13226747512817383,0.37463128821051095,0.06458228897464136,0.975873589515686,0.8877401461273824,0.33255643360593484,0.9758734703063965,0.8567228175088276,0.3527656647807169,0.9751203060150146,0.84135690773388,0.3667745655868387,0.9744586944580078,0.8487633393474265,0.3795962728899725,0.9743101000785828,0.8445597311537067,0.3515665942667769,word2vec-google-news-300
A man pours oil into a pot.,A man pours wine in a pot.,3.200000047683716,20,0.6000000105963812,1.0000001192092896,1.0,1.0,0.837019681930542,0.46498806518715485,0.426846807430108,0.8370198011398315,0.3171644741790496,0.41697439256646873,0.843466579914093,0.3087575407241002,0.5172803957578251,0.8478758931159973,0.36675017463334436,0.6313019797931287,0.8461333513259888,0.3445202466541675,0.5821602991676089,word2vec-google-news-300
A man is playing a guitar.,A girl is playing a guitar.,2.799999952316284,21,0.5111111005147297,1.0,1.0,0.3212026086663813,0.9258938431739807,0.670558276734607,0.5024895446158477,0.9258938431739807,0.6894244137489146,0.25089952877763155,0.9341132640838623,0.6725272753680259,0.3403906552160267,0.9385136365890503,0.692083134226269,0.4484141386964973,0.9374765753746033,0.6900302055574096,0.38056738939775253,word2vec-google-news-300
A panda is sliding down a slide.,A panda slides down a slide.,4.599999904632568,22,0.9111110899183483,0.07899021357297897,0.2303331367728486,0.05353983556692713,0.9167827367782593,0.5192606269738571,0.7922959346972784,0.9167827367782593,0.5315699079173546,0.5054833193510636,0.9229506254196167,0.549601560751337,0.5761512491716774,0.9264280796051025,0.6062893110848774,0.6353040159566485,0.9249638915061951,0.5723414907493638,0.6475416742539013,word2vec-google-news-300
A woman is eating something.,A woman is eating meat.,3.0,23,0.5555555555555556,1.0,1.0,0.3212026086663813,0.8401553630828857,0.4778716966634724,0.3769711468649813,0.8401553630828857,0.4926837878833158,0.1961961351283652,0.821311354637146,0.4251969782689732,0.21971893460778968,0.8105093240737915,0.44339960838744397,0.24148268724016125,0.8124873042106628,0.4387249952433194,0.22906307496793726,word2vec-google-news-300
A woman peels a potato.,A woman is peeling a potato.,5.0,24,1.0,0.0636541098356247,0.17042963088171859,0.04896220309824304,0.8551567792892456,0.3925343667942779,0.6070306518944373,0.8551568984985352,0.5452875987092713,0.18836581560368282,0.8589016199111938,0.47698831387183105,0.29281360137644213,0.86076819896698,0.48246307923225085,0.42023424417274174,0.8604634404182434,0.4829428622854345,0.36065276359904536,word2vec-google-news-300
The boy fell off his bike.,A boy falls off his bike.,4.800000190734863,25,0.9555555979410806,0.06808619946241379,0.10866253639389944,0.06433296294695115,0.9221968650817871,0.7046546376091395,0.29467229659611766,0.9221968650817871,0.5840641248474209,0.4195449599550447,0.9343421459197998,0.617802817609021,0.5062065548427903,0.941292405128479,0.6685446461493754,0.61081972792956,0.93855220079422,0.644544604411107,0.5796904228734734,word2vec-google-news-300
The woman is playing the flute.,A woman is playing a flute.,5.0,26,1.0,0.09901373833417892,0.3029371563453821,0.05763440916991759,0.9534529447555542,0.7061621839630536,0.2871041645918086,0.9534530639648438,0.738447274421194,0.3035047536403601,0.9584988355636597,0.7552291813854224,0.3823996447441342,0.960386335849762,0.7713930733260732,0.4785192872381235,0.9592095613479614,0.7628396362659023,0.4306712433539471,word2vec-google-news-300
A rabbit is running from an eagle.,A hare is running from a eagle.,4.199999809265137,27,0.8222221798366971,1.0,1.0,0.3212026086663813,0.8798516988754272,0.6393178763124345,0.19340412749144525,0.879851758480072,0.4953698804298682,0.3367924540805034,0.8881843090057373,0.4763764145255668,0.4525302471185914,0.8933122158050537,0.507806345867677,0.60464734909079,0.8910140991210938,0.4947844836770049,0.535596724648286,word2vec-google-news-300
The woman is frying a breaded pork chop.,A woman is cooking a breaded pork chop.,4.199999809265137,28,0.8222221798366971,0.09901373833417892,0.3029371563453821,0.05763440916991759,0.9558502435684204,0.7409637533336921,0.6078377558537607,0.9558502435684204,0.5524822382390884,0.9999999999999999,0.9633108973503113,0.6402099177961256,1.0,0.9681411385536194,0.7264534044871643,1.0,0.9671814441680908,0.6983645702646921,1.0,word2vec-google-news-300
A girl is flying a kite.,A girl running is flying a kite.,4.0,29,0.7777777777777777,0.13519683480262756,0.3974548456092113,0.06276135093455183,0.9563507437705994,0.7486776064918306,0.5337084930182134,0.9563508629798889,0.7323629026876872,0.3646113310060475,0.9614708423614502,0.7351627175323043,0.4778613291250097,0.9640080332756042,0.7594290581185607,0.6025855751831486,0.9630723595619202,0.7496699202269393,0.5337207563292123,word2vec-google-news-300
A man is riding a mechanical bull.,A man rode a mechanical bull.,4.0,30,0.7777777777777777,0.05411577597260475,0.18553386335306732,0.04299355910511922,0.9126437902450562,0.5869743784948789,0.5171136829637109,0.9126437902450562,0.5907275552954991,0.3555708990533142,0.9240851998329163,0.5871786233419387,0.4861689314062015,0.9300610423088074,0.618888404186267,0.6465920697571887,0.9288355708122253,0.613919546649477,0.560699504330586,word2vec-google-news-300
The man is playing the guitar.,A man is playing a guitar.,4.908999919891357,31,0.979777759975857,0.13226747512817383,0.37463128821051095,0.06458228897464136,0.951084554195404,0.7053870627389973,0.2624656365487235,0.9510847330093384,0.738447274421194,0.2873978084945933,0.9582863450050354,0.7641980695196965,0.3472615292263476,0.9614918828010559,0.7860023700691855,0.42741816448423015,0.9596585035324097,0.7760327264235728,0.37772794044472363,word2vec-google-news-300
A woman is dancing and singing with other women.,A woman is dancing and singing in the rain.,3.0,32,0.5555555555555556,1.0,1.0,0.3212026086663813,0.8372085690498352,0.5876836269600574,0.14555059828137124,0.8372085690498352,0.21167036262021421,0.5723060606181091,0.7576690912246704,0.09170927452980449,0.46807377090365093,0.6909937858581543,0.11286035350402834,0.36509260082850986,0.7200767397880554,0.09810676214135483,0.4304200932638034,word2vec-google-news-300
A man is slicing a bun.,A man is slicing an onion.,2.4000000953674316,33,0.42222224341498477,1.0,1.0,0.3212026086663813,0.7755536437034607,0.3915274363974379,0.27616544937434945,0.7755537629127502,0.32074347040035067,0.2243084077839494,0.7491040229797363,0.21233520654729643,0.28300004841831167,0.733692467212677,0.21648764512103869,0.3556306640608327,0.7371208071708679,0.22076638189989595,0.30904700181095085,word2vec-google-news-300
A man is pouring oil into a pan.,A man is pouring oil into a skillet.,4.199999809265137,34,0.8222221798366971,1.0,1.0,0.3212026086663813,0.8571159839630127,0.5372238604060556,0.2694122139261687,0.8571159839630127,0.2654333763932989,0.5058678317674516,0.8331469893455505,0.13806759674425073,0.6798724081980922,0.8190932273864746,0.13654353660065477,0.897777789404955,0.8245900869369507,0.15329386989400162,0.787268524829527,word2vec-google-news-300
A lion is playing with people.,A lion is playing with two men.,3.4000000953674316,35,0.644444465637207,1.0,1.0,0.3212026086663813,0.8792386651039124,0.6905363490582609,0.09134477223189852,0.8792386651039124,0.5354766871497759,0.25339343389964836,0.8542411923408508,0.4565728065887794,0.2983390193705637,0.8383448719978333,0.4574642616240122,0.3493272040974417,0.8470121622085571,0.44859760473718546,0.3559466585706244,word2vec-google-news-300
A dog rides a skateboard.,A dog is riding a skateboard.,5.0,36,1.0,0.0985056459903717,0.2422417955660845,0.06270986865749072,0.9009803533554077,0.3768958591443945,1.0,0.9009804725646973,0.576711564160968,0.31681367101508623,0.9075195789337158,0.5828786344207143,0.3529981440754549,0.9112284183502197,0.6285213595011083,0.3791710165313676,0.9106436371803284,0.6214500802953176,0.3411370496366149,word2vec-google-news-300
Someone is carving a statue.,A man is carving a statue.,3.75,37,0.7222222222222221,1.0,1.0,0.3212026086663813,0.9404429793357849,0.6926870159625345,0.6417639664241712,0.9404429793357849,0.7120187324799432,0.3115980690551829,0.9481824636459351,0.7070891083289712,0.40823480040817556,0.9521474838256836,0.7302041328487482,0.5180838252776729,0.9516226053237915,0.73354226640946,0.43078400003949285,word2vec-google-news-300
A woman is slicing an onion.,A man is cutting an onion.,2.75,38,0.49999999999999994,1.0,1.0,0.3212026086663813,0.9104079604148865,0.6914918655329039,0.26323548809405245,0.9104079604148865,0.606251244071457,0.3055602632510169,0.9173058867454529,0.5709478505142112,0.4570875480310897,0.9214073419570923,0.5873626188785487,0.6474865056663672,0.919741153717041,0.579887372134402,0.5615489380283647,word2vec-google-news-300
A woman peels shrimp.,A woman is peeling shrimp.,5.0,39,1.0,0.0636541098356247,0.17042963088171859,0.04896220309824304,0.8632230758666992,0.3875170654140948,0.6762375594042958,0.8632231950759888,0.5452875987092713,0.21098714823989068,0.8674095273017883,0.45752076257069363,0.36783349814660854,0.8694998621940613,0.4511986038802601,0.5679216399240059,0.8691582679748535,0.4582632637972057,0.46920738333020867,word2vec-google-news-300
A woman is frying fish.,A woman is cooking fish.,4.0,40,0.7777777777777777,1.0,1.0,0.3212026086663813,0.8903772234916687,0.5746274250153567,0.490553662102359,0.8903772234916687,0.5914752166636911,0.24569763573735598,0.8895013928413391,0.5308926302382465,0.34677767831122913,0.8890977501869202,0.5395907432407246,0.46352970625986717,0.889480710029602,0.5372970162347694,0.4079685542360218,word2vec-google-news-300
A woman is playing an electric guitar.,A woman is playing a guitar.,3.5999999046325684,41,0.6888888676961262,1.0,1.0,0.3212026086663813,0.8828222751617432,0.598692967942654,0.299888109713681,0.8828222155570984,0.44277935634406396,0.3118619761121868,0.8730793595314026,0.3954851663009009,0.4255744525388013,0.8676021099090576,0.4162578399180854,0.5654021836022469,0.8695096969604492,0.40627813914600663,0.497258666192752,word2vec-google-news-300
A baby tiger is playing with a ball.,A baby is playing with a doll.,1.600000023841858,42,0.24444444974263507,0.05722462385892868,0.1292848701982201,0.047361797312295124,0.7807096838951111,0.45124217673278466,0.20349216672964093,0.7807096242904663,0.18781458514775395,0.345036029194449,0.7617630958557129,0.13705852016172482,0.3908066166820268,0.7479158043861389,0.18501653338812807,0.43973118455754195,0.7541860938072205,0.16588389694256156,0.42196951261175114,word2vec-google-news-300
A person is slicing a tomato.,A person is slicing some meat.,1.75,43,0.27777777777777773,1.0,1.0,0.3212026086663813,0.8223105669021606,0.4872199724673981,0.257765892906152,0.8223106265068054,0.4436856770211224,0.21428482678552258,0.8003998398780823,0.3520312992942345,0.26541747422679984,0.7879565954208374,0.35721478384474603,0.3257281267323156,0.7906167507171631,0.35893112297326546,0.28795387230580244,word2vec-google-news-300
A person cuts an onion.,A person is cutting an onion.,5.0,44,1.0,0.07871929556131363,0.2112783710462759,0.05469166901252043,0.8793147802352905,0.5849244131354874,0.31359348189190567,0.8793148994445801,0.5569911325881085,0.2446982927714979,0.8929929733276367,0.518074264276437,0.40012469168622705,0.8997361660003662,0.5296697193021229,0.6002787126181279,0.8975856304168701,0.5265990454587492,0.50851391512866,word2vec-google-news-300
A man is playing the piano.,A woman is playing the violin.,1.0,45,0.1111111111111111,1.0,1.0,0.3212026086663813,0.9084129929542542,0.7076432366250498,0.2113507155124374,0.9084129929542542,0.6268651872091374,0.2702283599526591,0.9046977758407593,0.5842148608846996,0.3239870627600148,0.9018000364303589,0.5939965661911717,0.3921308365867246,0.903269350528717,0.5929298592116767,0.3552399378121635,word2vec-google-news-300
A woman is playing the flute.,A man is playing the guitar.,1.0,46,0.1111111111111111,1.0,1.0,0.3212026086663813,0.8397383689880371,0.5843110607782941,0.16217201720301272,0.8397382497787476,0.4694563950627212,0.23673920880233573,0.8237658739089966,0.3972630504382424,0.2813750866941081,0.8132836818695068,0.4056445593268576,0.3393292391594395,0.8178218007087708,0.40713105043350484,0.3092221954074483,word2vec-google-news-300
A man is cutting up a potato.,A man is cutting up carrots.,2.375,47,0.4166666666666667,1.0,1.0,0.3212026086663813,0.8684743642807007,0.6409731154304429,0.1603618539842217,0.8684743642807007,0.5417742111950576,0.23550656570275152,0.8528950810432434,0.4374408852524325,0.33237908564800683,0.8441104888916016,0.4259027980922502,0.4514468354510554,0.8469994068145752,0.4316061389411171,0.3945892722728393,word2vec-google-news-300
A kid is playing guitar.,A boy is playing a guitar.,3.799999952316284,48,0.7333333227369521,1.0,1.0,0.3212026086663813,0.932888388633728,0.6666005529271777,0.6153146574564508,0.932888388633728,0.6853834210726765,0.30007093848198935,0.9412006139755249,0.6924413910574028,0.36969000404371805,0.9457159042358398,0.7197663527808835,0.45030779280039673,0.9444855451583862,0.7160936766073942,0.39388917106109206,word2vec-google-news-300
A boy is playing guitar.,A man is playing a guitar.,3.200000047683716,49,0.6000000105963812,1.0,1.0,0.3212026086663813,0.9447610378265381,0.7288365316457263,0.5186400816207992,0.9447610378265381,0.7489288189925787,0.257938251381329,0.9511434435844421,0.7351870911051486,0.34511434735894725,0.9545578956604004,0.7514101019697959,0.4499858729796364,0.953822135925293,0.7504447912433935,0.38170157579992453,word2vec-google-news-300
A man is playing guitar.,A boy is playing a guitar.,3.200000047683716,50,0.6000000105963812,1.0,1.0,0.3212026086663813,0.9447610378265381,0.7288365316457263,0.5186400816207992,0.9447610378265381,0.7489288189925787,0.257938251381329,0.9511434435844421,0.7351870911051486,0.34511434735894725,0.9545578956604004,0.7514101019697959,0.4499858729796364,0.953822135925293,0.7504447912433935,0.38170157579992453,word2vec-google-news-300
A little boy is playing a keyboard.,A boy is playing key board.,4.400000095367432,51,0.8666666878594291,0.04867762699723244,0.2579412866896519,0.037038858228699456,0.7022653818130493,0.3496456298602024,0.11376440585060565,0.702265202999115,0.16995303799522454,0.20377517968210546,0.653314471244812,0.05767363340623777,0.21772078646287124,0.6211020946502686,0.06595846493119639,0.23345025072018893,0.6316406726837158,0.06675019208231159,0.22470343028276568,word2vec-google-news-300
A man is playing a guitar.,A man is playing an electric guitar.,3.75,52,0.7222222222222221,1.0,1.0,0.3212026086663813,0.8842268586158752,0.598273704204904,0.30884189847424753,0.8842268586158752,0.44277935634406396,0.3177153948765253,0.8696938157081604,0.40078468504417175,0.38990817878299616,0.8618730306625366,0.42518064440929115,0.48416314202557237,0.8635145425796509,0.4159664673049126,0.42325213393429845,word2vec-google-news-300
A dog licks a baby.,A dog is licking a baby.,4.75,53,0.9444444444444444,0.00487909559160471,0.17052889428399398,0.017352745011911877,0.8174980282783508,0.2139304810201934,0.8458637656412622,0.8174980878829956,0.38207601819497483,0.2664319003826238,0.8259097337722778,0.3597088147386196,0.32519174855631633,0.8309429883956909,0.4037678186713727,0.3869108612553111,0.8307129144668579,0.3950108919800287,0.3483276724989361,word2vec-google-news-300
A woman is slicing an onion.,A man is cutting and onion.,3.200000047683716,54,0.6000000105963812,1.0,1.0,0.3212026086663813,0.8439751863479614,0.5375658969455346,0.2846566239733728,0.843975305557251,0.45174920856783274,0.22893419486645272,0.8500010967254639,0.39971091449258644,0.3581186089178225,0.8536683320999146,0.4185071647434838,0.5197464351304022,0.8516965508460999,0.41084021394829795,0.4420031780555968,word2vec-google-news-300
A man is playing the guitar.,A man is playing the drums.,1.555999994277954,55,0.2346666653951009,1.0,1.0,0.3212026086663813,0.8922877311706543,0.6865658249277702,0.17011234073642695,0.8922877311706543,0.5999640975781236,0.24214628005359645,0.8643726110458374,0.496530425905652,0.2871766883851447,0.8465025424957275,0.47862783532451414,0.3480205924040692,0.8531241416931152,0.4883935874569598,0.31447727403027287,word2vec-google-news-300
A woman is slicing a pepper.,A woman is cutting a red pepper.,3.937999963760376,56,0.7639999919467502,1.0,1.0,0.3212026086663813,0.8716715574264526,0.5604299955966463,0.3687958575315638,0.8716716766357422,0.5003003465440184,0.27477110660055903,0.8731186985969543,0.4448696515857763,0.4133399839995336,0.874108076095581,0.45868392832002536,0.5809907860433852,0.873583197593689,0.456565955692365,0.49690637167273816,word2vec-google-news-300
A man is playing the drums.,A man plays the drum.,5.0,57,1.0,0.2190430909395218,0.3480342199719896,0.10950635096590323,0.7813450694084167,0.4853023905156155,0.134668616969919,0.7813450694084167,0.42023088989277346,0.14722451946716286,0.7762543559074402,0.3521457004184162,0.19343593032380724,0.772429347038269,0.3636378001754069,0.25246589481180354,0.7740140557289124,0.364256680010274,0.22279986181976724,word2vec-google-news-300
A woman rides a horse.,A woman is riding a horse.,5.0,58,1.0,0.0985056459903717,0.2422417955660845,0.06270986865749072,0.8888682126998901,0.4187501088399562,0.8116524600657922,0.8888681530952454,0.576711564160968,0.25524952221723013,0.8943315148353577,0.5725027457936487,0.29260369180075346,0.8970624804496765,0.6134746741595343,0.31684951473822737,0.8965769410133362,0.607040993641921,0.28916912010628976,word2vec-google-news-300
A man is eating a banana by a tree.,A man is eating a banana.,4.0,59,0.7777777777777777,1.0,1.0,0.3212026086663813,0.902280330657959,0.6451927142857538,0.32311812588426964,0.9022804498672485,0.4617839973568071,0.3270481457257328,0.874399721622467,0.4275516680743917,0.37140914478229575,0.8555734157562256,0.44878867198767736,0.4209230396831582,0.8608629107475281,0.43949362954596527,0.38709684295865915,word2vec-google-news-300
A cat is playing a key board.,A man is playing two keyboards.,1.600000023841858,60,0.24444444974263507,1.0,1.0,0.3212026086663813,0.6236910223960876,0.32601138552589226,0.004522842191931997,0.6236910223960876,0.13978866419402314,0.12938511478051812,0.5922818779945374,0.0,0.15696029009129636,0.5720052123069763,0.0,0.1894923608068539,0.5780180096626282,1.1102230246251565e-16,0.17698323021986878,word2vec-google-news-300
A man chops down a tree with an axe.,A man cut a tree with an axe.,4.75,61,0.9444444444444444,0.23510271310806274,0.20163443010365656,0.17479280858592378,0.8369115591049194,0.591668269719307,0.1350022256416728,0.8369116187095642,0.3921153227387718,0.28906864002215954,0.8533902764320374,0.38631371617611765,0.3853243017817856,0.8629369139671326,0.4380325683822992,0.49702141551642515,0.8595577478408813,0.4120353310108399,0.4552391300030731,word2vec-google-news-300
A kid plays with a toy phone.,A little boy plays with a toy phone.,3.5,62,0.6666666666666665,0.13097944855690002,0.19039347991211197,0.09914917286791596,0.9265364408493042,0.7099047262598819,0.3173555005470023,0.9265364408493042,0.5911297179990356,0.4380807860421164,0.9447704553604126,0.6525422523151995,0.5220847712450707,0.9542297720909119,0.7139188680488785,0.6264150771932888,0.9517999887466431,0.6946510681663802,0.5717758011138117,word2vec-google-news-300
A man is riding a motorcycle.,A man is riding a horse.,1.399999976158142,63,0.19999999470180935,1.0,1.0,0.3212026086663813,0.8297166228294373,0.43952418264887294,0.4491697463262658,0.8297166228294373,0.4535294580652407,0.2276617089249291,0.8088018298149109,0.40014910546520976,0.23006616864737428,0.7968642711639404,0.4330644307431989,0.22414562507108265,0.7980137467384338,0.4311974986059419,0.20340487043808048,word2vec-google-news-300
A man is riding a motorcycle.,A man is riding a horse.,1.399999976158142,64,0.19999999470180935,1.0,1.0,0.3212026086663813,0.8297166228294373,0.43952418264887294,0.4491697463262658,0.8297166228294373,0.4535294580652407,0.2276617089249291,0.8088018298149109,0.40014910546520976,0.23006616864737428,0.7968642711639404,0.4330644307431989,0.22414562507108265,0.7980137467384338,0.4311974986059419,0.20340487043808048,word2vec-google-news-300
A squirrel is spinning around in circles.,A squirrel runs around in circles.,4.0,65,0.7777777777777777,0.1404867172241211,0.33553132143774167,0.07330589481972788,0.8512042164802551,0.6103855740103942,0.15341190298254986,0.8512042164802551,0.4138430507510379,0.30411233627159795,0.8663442134857178,0.45272951548870555,0.3639687534958976,0.8750866651535034,0.5167740784928637,0.42888800797722276,0.8705748319625854,0.47855460198536426,0.4289849418775749,word2vec-google-news-300
A man and a woman are kissing.,A man and woman kiss.,5.0,66,1.0,0.9999998807907104,1.0,0.6249336258142698,0.854946494102478,0.3366937441695538,0.7891806065453251,0.8549467921257019,0.49116367191612664,0.24790427479732335,0.8041688203811646,0.3888125673981624,0.21745573150310454,0.7609076499938965,0.37993856408032034,0.17419242598942158,0.7676780223846436,0.3908531731616878,0.15821804943948709,word2vec-google-news-300
A man is getting into a car.,A man is getting into a car in a garage.,3.8329999446868896,67,0.7406666543748643,1.0,1.0,0.3212026086663813,0.9451395869255066,0.8045289456660945,0.19164452112021807,0.9451395869255066,0.5494433957677325,0.41390007415241603,0.919019877910614,0.573003710716464,0.38000459932435277,0.8987107276916504,0.6022931297560298,0.34923075207244486,0.9083349108695984,0.5878143438492711,0.37398234286402204,word2vec-google-news-300
A man is dancing.,A man is talking.,0.6000000238418579,68,0.022222227520412863,1.0,1.0,0.3212026086663813,0.6862139105796814,0.26663897941195613,0.2018664599791234,0.6862139701843262,0.4900019939879888,0.007969313888038454,0.6647553443908691,0.35680259951354465,0.007049016854970697,0.6528313159942627,0.3314546105542904,0.008400138351170205,0.6551105976104736,0.3439988573797981,0.0074320119259548845,word2vec-google-news-300
A man is playing the guitar and singing.,A man is playing the guitar.,2.9170000553131104,69,0.5371111234029133,1.0,1.0,0.3212026086663813,0.946739912033081,0.7938262170731092,0.25439127084709706,0.9467397928237915,0.6053739284349906,0.38662876709514704,0.9317352175712585,0.6150469505280338,0.41011140447237376,0.9223078489303589,0.6442302117585186,0.43840033937894535,0.9247904419898987,0.6311191559898589,0.42058142732461373,word2vec-google-news-300
A person is cutting mushrooms.,A person is cutting mushrooms with a knife.,4.199999809265137,70,0.8222221798366971,1.0,1.0,0.3212026086663813,0.8826195001602173,0.627489229601925,0.26573962007099244,0.8826195597648621,0.40444124921019065,0.28953813945690476,0.8597009181976318,0.364510355255091,0.3859776583127223,0.8460501432418823,0.3852362848199232,0.5033822234718377,0.8509012460708618,0.37987303176006515,0.4436679379562228,word2vec-google-news-300
A tiger cub is making a sound.,A tiger is walking around.,2.0,71,0.3333333333333333,0.02803787589073181,0.0,0.033454982213863324,0.7027897238731384,0.23836872172593093,0.2961880517063506,0.7027897834777832,0.07516856004703942,0.2352163176400579,0.6861961483955383,0.02272416996951021,0.2853847540785784,0.6709000468254089,0.07916238101271,0.3274652958591859,0.6754509210586548,0.06307758113366424,0.31157578085126697,word2vec-google-news-300
A person is slicing onions.,A person is peeling an onion.,2.5999999046325684,72,0.4666666454739041,1.0,1.0,0.3212026086663813,0.8156041502952576,0.454309236200683,0.33010561439494096,0.8156042098999023,0.37200727440339143,0.25369362196448897,0.8095183968544006,0.3141234067860107,0.33626450981774697,0.8068121671676636,0.3388571813355097,0.4374540630880234,0.8063401579856873,0.33326899801491505,0.3787425262232221,word2vec-google-news-300
A man is playing the piano.,A man is playing the trumpet.,1.600000023841858,73,0.24444444974263507,1.0,1.0,0.3212026086663813,0.8976244926452637,0.6992546023168202,0.16712711093844906,0.8976245522499084,0.6161588101524459,0.2401135081978511,0.870227038860321,0.5259640484733831,0.2626100426554529,0.8524181246757507,0.5160500528043221,0.2942486917360236,0.8590706586837769,0.5225667659363951,0.27465565174093515,word2vec-google-news-300
A woman is peeling a potato.,A woman is peeling an apple.,2.0,74,0.3333333333333333,1.0,1.0,0.3212026086663813,0.881481945514679,0.5850007047619732,0.36668102278403253,0.8814820051193237,0.5265173427401137,0.2736190189350414,0.8719966411590576,0.457589829916062,0.37639540037666624,0.8664357662200928,0.46277662805434916,0.5001684640293842,0.8679470419883728,0.4581213378838477,0.44525640477608147,word2vec-google-news-300
A pankda is eating bamboo.,A panda bear is eating some bamboo.,4.199999809265137,75,0.8222221798366971,0.14054888486862183,0.16706829643837984,0.11176653843399495,0.7756840586662292,0.30791530090019226,0.44361562046936526,0.7756840586662292,0.0,0.27038611607006774,0.8174508810043335,0.16366699496767056,0.37060878926066904,0.8406985402107239,0.32660677680336214,0.481754526360662,0.8317054510116577,0.2512783924447147,0.434805599059441,word2vec-google-news-300
A person is peeling an onion.,A person is peeling an eggplant.,2.0,76,0.3333333333333333,1.0,1.0,0.3212026086663813,0.914768636226654,0.6774263517359098,0.3688555374192896,0.9147686958312988,0.5882993818224738,0.3774841307865723,0.8947268724441528,0.4961006083486448,0.46100527875867076,0.8824169635772705,0.48879706517976573,0.5670570828005868,0.8870688676834106,0.49341137622560494,0.5126945515632957,word2vec-google-news-300
A monkey pushes another monkey.,The monkey pushed the other monkey.,4.800000190734863,77,0.9555555979410806,0.10873961448669434,0.13673573883611168,0.09226779100439614,0.8608899116516113,0.43395642485105745,0.343191095000498,0.8608899116516113,0.4412481680934154,0.34017039814347266,0.8683106899261475,0.5179150093781588,0.2679534144418951,0.8733546733856201,0.6146598739292335,0.17566743286704983,0.8705177307128906,0.5730538319308534,0.2271187794632939,word2vec-google-news-300
A squirrel runs around in circles.,A squirrel is moving in circles.,4.400000095367432,78,0.8666666878594291,0.1404867172241211,0.33553132143774167,0.07330589481972788,0.7870867848396301,0.5188382588388197,0.10382846479760915,0.7870867848396301,0.38589348100748966,0.19700910305396624,0.8020009398460388,0.35285322737104774,0.27066600259665,0.811003565788269,0.39108255825419846,0.3597982039132122,0.806086540222168,0.36429572726194304,0.33778211750772497,word2vec-google-news-300
A man is tying his shoe.,A man ties his shoe.,5.0,79,1.0,0.04461543634533882,0.1780001411460156,0.03819910704650467,0.7984378337860107,0.41482538520095114,0.2932859746181818,0.7984378337860107,0.37188552270605646,0.2336352360485443,0.8193786144256592,0.37429263804898993,0.2995341128598455,0.8320863246917725,0.431512648233248,0.3776651670361814,0.8270343542098999,0.4087426172815557,0.3473162842980874,word2vec-google-news-300
A boy is singing and playing the piano.,A boy is playing the piano.,3.0,80,0.5555555555555556,1.0,1.0,0.3212026086663813,0.9545801877975464,0.8043741085356403,0.3096807430108009,0.9545800685882568,0.6053739284349906,0.4318093073541437,0.9603013396263123,0.712251719060226,0.456033972214201,0.9635459184646606,0.7818937032284223,0.48252793253397713,0.9623324275016785,0.7559832642665862,0.4729625175460061,word2vec-google-news-300
A dog is eating water melon.,A dog is eating a piece of watermelon.,4.25,81,0.8333333333333333,1.0,1.0,0.3212026086663813,0.8512430787086487,0.503501770771602,0.4148935341213105,0.8512431383132935,0.3663195943627705,0.4088345248082573,0.8293414115905762,0.3227896786132419,0.42070803849446786,0.8166365623474121,0.3665071993205281,0.43951218820385535,0.8195993900299072,0.34834465379367807,0.4271338810054575,word2vec-google-news-300
A woman is chopping broccoli.,A woman is chopping broccoli with a knife.,4.25,82,0.8333333333333333,1.0,1.0,0.3212026086663813,0.9096487164497375,0.6346990434607753,0.4438502536585292,0.9096487164497375,0.40444124921019065,0.4059742891904464,0.8879469633102417,0.40127866323166406,0.49306119086290817,0.8736774921417236,0.43760789841000103,0.5885183123911042,0.8782851696014404,0.4252234317974637,0.5370167857119217,word2vec-google-news-300
A man is peeling a potato.,A man peeled a potatoe.,3.799999952316284,83,0.7333333227369521,-0.029536640271544456,0.17691789656399548,0.0,0.7063909769058228,0.1934158582777148,0.3588908968024504,0.7063909769058228,0.3320961648660402,0.10725767600099134,0.7048588991165161,0.24746184505839752,0.14533599193880786,0.7038120627403259,0.2647274120365224,0.18874862688391253,0.7039775252342224,0.2631796693596684,0.16870767487075333,word2vec-google-news-300
A woman is playing a guitar.,A man plays a guitar.,2.4000000953674316,84,0.42222224341498477,0.2190430909395218,0.3480342199719896,0.10950635096590323,0.8420780301094055,0.39676872216820125,0.5344875626353727,0.8420780301094055,0.5349041415431217,0.16465406473194466,0.8527007102966309,0.4818826019663687,0.24958618123115228,0.8584482669830322,0.4958080564403077,0.35497966452595037,0.8572407960891724,0.4988888379180648,0.2934032738931697,word2vec-google-news-300
A woman is slicing tomato.,A man is slicing onion.,1.600000023841858,85,0.24444444974263507,1.0,1.0,0.3212026086663813,0.8535365462303162,0.5079476504209658,0.4167712648563007,0.8535365462303162,0.523392527244249,0.21354181162503127,0.8496070504188538,0.44382105461489674,0.3110256966693267,0.8473442792892456,0.44675137932399567,0.4275253563492695,0.8474019765853882,0.45112900552351176,0.3609586651942102,word2vec-google-news-300
A man swims underwater.,A woman is swimming underwater.,2.0,86,0.3333333333333333,0.09271597862243652,0.09013985682474235,0.07157331818786346,0.8543931841850281,0.3209662721480938,0.7971326664897811,0.8543931841850281,0.491063891102833,0.25050341969207196,0.8635948300361633,0.4628315880917391,0.34104214311572584,0.868401050567627,0.49382345522787563,0.4436878517813952,0.8673913478851318,0.4896598572892098,0.3874867791383751,word2vec-google-news-300
A man and woman are talking.,A man and woman is eating.,1.600000023841858,87,0.24444444974263507,0.9999998807907104,1.0,0.6249336258142698,0.8275216221809387,0.46002256046308077,0.38402012086507703,0.8275216221809387,0.47445911325403456,0.19926821704193487,0.7557896971702576,0.3519184981857756,0.1538415030306292,0.6933997869491577,0.3398954286669795,0.08269305069011734,0.70396888256073,0.3463375165933025,0.08894168818860815,word2vec-google-news-300
A small dog is chasing a yoga ball.,A dog is chasing a ball.,4.0,88,0.7777777777777777,0.06928110867738724,0.23223539036847907,0.04845109299184303,0.8679535388946533,0.5286797936035085,0.3914065523194949,0.8679535388946533,0.36172967695125846,0.3716903106184404,0.86600261926651,0.330593488632015,0.4895754876774567,0.864642858505249,0.3656101782925647,0.6352717275913926,0.865404486656189,0.3515654012688445,0.5637119590638255,word2vec-google-news-300
The men are playing cricket.,The men are playing basketball.,2.200000047683716,89,0.37777778837415904,0.9999999403953552,1.0,0.4880961672434772,0.8446183204650879,0.5547727205893813,0.248892691000349,0.8446184396743774,0.4317566593461867,0.2957932171413349,0.8074365854263306,0.34866646622914155,0.28871340918979554,0.784747838973999,0.3628316264771845,0.28783439111578407,0.7898027300834656,0.3696297445368133,0.26111222745839585,word2vec-google-news-300
A man rides off on a motorcycle.,A man is riding on a motorcycle.,4.400000095367432,90,0.8666666878594291,0.0985056459903717,0.2422417955660845,0.06270986865749072,0.8531528115272522,0.5737802647638384,0.2454404755840836,0.8531528115272522,0.45601603240592503,0.2934423652168842,0.8709306120872498,0.4873132153311961,0.33158637075188485,0.8814055919647217,0.5510541896613647,0.37480761228846987,0.8769593834877014,0.5247025421381026,0.35568086694071593,word2vec-google-news-300
A man is playing a guitar.,A man is singing and playing a guitar.,3.5999999046325684,91,0.6888888676961262,1.0,1.0,0.3212026086663813,0.9439408183097839,0.7340062036489299,0.49612346818453784,0.9439407587051392,0.6053739284349906,0.34413596200003443,0.9487930536270142,0.6789096314186448,0.3978851579105514,0.951909065246582,0.738228815132236,0.45668863468819626,0.9513622522354126,0.7246434248702371,0.40783762184594025,word2vec-google-news-300
The man talked on the telephone.,The man is talking on the phone.,3.5999999046325684,92,0.6888888676961262,1.0,1.0,0.476706249717425,0.8834742307662964,0.7369421129629361,0.0,0.8834743499755859,0.5245208580598499,0.30461732979734324,0.8836184740066528,0.5508417329380957,0.28136840114679146,0.8822187781333923,0.5949258517859402,0.26746580255933144,0.8841917514801025,0.5725307072230765,0.2980965325131379,word2vec-google-news-300
A man is fishing.,A man is exercising.,0.5,93,0.0,1.0,1.0,0.3212026086663813,0.562215268611908,0.040733604800827106,0.17940287421380302,0.562215268611908,0.3170081595890333,0.002462387031875596,0.5365637540817261,0.15022739623454706,0.0,0.5225172638893127,0.12108473473598313,0.0,0.5251908302307129,0.13634768806341047,0.0,word2vec-google-news-300
A man is levitating.,A man is talking.,0.800000011920929,94,0.06666666931576198,1.0,1.0,0.3212026086663813,0.6232608556747437,0.14543625000034544,0.18532201670884801,0.6232609152793884,0.3971873838190453,0.003913461678641039,0.5997341275215149,0.24108055568492726,0.0018322967412981173,0.5867643356323242,0.21073045712889737,0.0018846353920689007,0.5892378091812134,0.22401402859287878,0.002551105986011215,word2vec-google-news-300
Two boys are driving.,Two bays are dancing.,0.6000000238418579,95,0.022222227520412863,0.07224325835704803,0.08474724245088683,0.06887907902166512,0.5901749134063721,0.17167682722432243,0.09924290170456401,0.5901749134063721,0.18004670527977162,0.07515668756717783,0.5771827101707458,0.05553995910599818,0.09090226568630799,0.5677708387374878,0.05755459139926855,0.10927140099010313,0.571033775806427,0.058678148981033185,0.1038002144508744,word2vec-google-news-300
A man is riding on a horse.,A girl is riding a horse.,2.5999999046325684,96,0.4666666454739041,1.0,1.0,0.3212026086663813,0.9045284390449524,0.5762705867521377,0.44621492666216084,0.9045284986495972,0.5882800161815995,0.31694711554391025,0.9102405905723572,0.596159138257132,0.34645108309603795,0.9132013916969299,0.6397947422961328,0.36970357215341226,0.9119287729263306,0.6280659863031053,0.3454978723767101,word2vec-google-news-300
A man is riding a bicycle.,A monkey is riding a bike.,2.0,97,0.3333333333333333,1.0,1.0,0.3212026086663813,0.8480774760246277,0.47151614489651017,0.4746935418758947,0.8480774760246277,0.48619451794094737,0.23878548249433085,0.8551371097564697,0.4816233994192717,0.2665185548022619,0.858639121055603,0.5298123220803224,0.2851998945843393,0.8579607605934143,0.5211853067117216,0.2622914604369327,word2vec-google-news-300
A man is slicing potatoes.,A woman is peeling potato.,2.200000047683716,98,0.37777778837415904,1.0,1.0,0.3212026086663813,0.7878414988517761,0.40165317235488285,0.32440580499045496,0.7878414988517761,0.41486165740859127,0.17328712226335174,0.7864238023757935,0.33418141722272665,0.2461023051517997,0.7856797575950623,0.34585804174231083,0.33282840021270393,0.7859808802604675,0.3469197545015228,0.2872709370372278,word2vec-google-news-300
A woman is peeling a potato.,A man is slicing potato.,2.4000000953674316,99,0.42222224341498477,1.0,1.0,0.3212026086663813,0.8207648396492004,0.45873478842671334,0.3521640801580718,0.8207648396492004,0.47314424702768076,0.18538472612643414,0.8230732679367065,0.40592617556788535,0.2629994654053655,0.8243800401687622,0.4190486148287399,0.35506069524216827,0.824462354183197,0.41926449579900726,0.3074449032126904,word2vec-google-news-300
